Frequency Rank	Word	IPA	Meaning	Part of Speech	Lemma	Example	Example IPA	Example Meaning	Source	Source Rank	Labels	Notes
1	de	/de/	of; from	preposition	de	La taza de café está caliente.	[la ˈtasa ðe kaˈfe esˈta kaˈljente]	The cup of coffee is hot.	SUBTLEX-ESP; OpenSubtitles2018-es; OpenSLR21 Spanish	SUBTLEX-ESP 1; OpenSubtitles2018 1; OpenSLR21 1	core; function word; preposition	Combines with el to form del.
2	que	/ke/	that; which	conjunction	que	Creo que mañana viene mi hermano.	[ˈkɾeo ke maˈɲana ˈβjene mi eɾˈmano]	I think my brother is coming tomorrow.	SUBTLEX-ESP; OpenSubtitles2018-es; OpenSLR21 Spanish	SUBTLEX-ESP n/a; OpenSubtitles2018 2; OpenSLR21 5	core; function word; conjunction; accent contrast	Unaccented; contrast interrogative qué.
3	no	/no/	no; not	adverb	no	Hoy no trabajo por la tarde.	[oj no tɾaˈβaxo poɾ la ˈtaɾðe]	I am not working this afternoon.	SUBTLEX-ESP; OpenSubtitles2018-es; OpenSLR21 Spanish	SUBTLEX-ESP n/a; OpenSubtitles2018 3; OpenSLR21 19	core; negation; adverb	Placed before a verb to make it negative.
4	a	/a/	to; at	preposition	a	Vamos a casa después de clase.	[ˈbamos a ˈkasa ðesˈpwes ðe ˈklase]	We are going home after class.	SUBTLEX-ESP; OpenSubtitles2018-es; OpenSLR21 Spanish	SUBTLEX-ESP 2; OpenSubtitles2018 4; OpenSLR21 6	core; function word; preposition	Combines with el to form al.
5	la	/la/	the (feminine singular)	article	el	Pongo la mesa antes de cenar.	[ˈpoŋɡo la ˈmesa ˈantes ðe seˈnaɾ]	I set the table before dinner.	SUBTLEX-ESP; OpenSubtitles2018-es; OpenSLR21 Spanish	SUBTLEX-ESP n/a; OpenSubtitles2018 5; OpenSLR21 2	core; function word; article; feminine	Feminine singular definite article.
6	el	/el/	the (masculine singular)	article	el	Busco el libro en mi mochila.	[ˈbusko el ˈliβɾo en mi moˈtʃila]	I am looking for the book in my backpack.	SUBTLEX-ESP; OpenSubtitles2018-es; OpenSLR21 Spanish	SUBTLEX-ESP n/a; OpenSubtitles2018 6; OpenSLR21 3	core; function word; article; masculine; accent contrast	Unaccented article; contrast pronoun él.
7	y	/i/	and	conjunction	y	Compramos pan y fruta para mañana.	[komˈpɾamos pan i ˈfɾuta ˈpaɾa maˈɲana]	We are buying bread and fruit for tomorrow.	SUBTLEX-ESP; OpenSubtitles2018-es; OpenSLR21 Spanish	SUBTLEX-ESP n/a; OpenSubtitles2018 7; OpenSLR21 7	core; function word; conjunction	Usually pronounced like the vowel /i/.
8	en	/en/	in; on; at	preposition	en	Mis llaves están en la cocina.	[mis ˈʝaβes esˈtan en la koˈsina]	My keys are in the kitchen.	SUBTLEX-ESP; OpenSubtitles2018-es; OpenSLR21 Spanish	SUBTLEX-ESP n/a; OpenSubtitles2018 9; OpenSLR21 4	core; function word; preposition	Common location preposition.
9	un	/un/	a; an (masculine)	article	uno	Necesito un vaso limpio, por favor.	[neseˈsito um ˈbaso ˈlimpjo poɾ faˈβoɾ]	I need a clean glass, please.	SUBTLEX-ESP; OpenSubtitles2018-es; OpenSLR21 Spanish	SUBTLEX-ESP n/a; OpenSubtitles2018 11; OpenSLR21 10	core; function word; article; masculine	Masculine singular indefinite article.
10	por	/poɾ/	for; by; through	preposition	por	Caminamos por el parque cada día.	[kamiˈnamos poɾ el ˈpaɾke ˈkaða ˈdia]	We walk through the park every day.	SUBTLEX-ESP; OpenSubtitles2018-es; OpenSLR21 Spanish	SUBTLEX-ESP n/a; OpenSubtitles2018 12; OpenSLR21 11	core; function word; preposition	Often marks cause, means, exchange, or movement through.
11	una	/ˈuna/	a; an (feminine)	article	uno	Ella lleva una chaqueta azul hoy.	[ˈeʝa ˈʝeβa ˈuna tʃaˈketa aˈsul oj]	She is wearing a blue jacket today.	SUBTLEX-ESP; OpenSubtitles2018-es; OpenSLR21 Spanish	SUBTLEX-ESP n/a; OpenSubtitles2018 15; OpenSLR21 15	core; function word; article; feminine	Feminine singular indefinite article.
12	los	/los/	the (masculine plural)	article	el	Cerramos los ojos durante un minuto.	[seˈramos los ˈoxos ðuˈɾante un miˈnuto]	We close our eyes for one minute.	SUBTLEX-ESP; OpenSubtitles2018-es; OpenSLR21 Spanish	SUBTLEX-ESP n/a; OpenSubtitles2018 16; OpenSLR21 8	core; function word; article; masculine; plural	Masculine plural definite article.
13	se	/se/	oneself; each other; reflexive marker	pronoun	se	Mi hermana se levanta muy temprano.	[mi eɾˈmana se leˈβanta muj temˈpɾano]	My sister gets up very early.	SUBTLEX-ESP; OpenSubtitles2018-es; OpenSLR21 Spanish	SUBTLEX-ESP n/a; OpenSubtitles2018 17; OpenSLR21 14	core; function word; pronoun; reflexive	Used in reflexive, reciprocal, impersonal, and passive constructions.
14	con	/kon/	with	preposition	con	Tomo té con leche cada mañana.	[ˈtomo te kon ˈletʃe ˈkaða maˈɲana]	I drink tea with milk every morning.	SUBTLEX-ESP; OpenSubtitles2018-es; OpenSLR21 Spanish	SUBTLEX-ESP 3; OpenSubtitles2018 19; OpenSLR21 13	core; function word; preposition	Marks accompaniment or an instrument.
15	para	/ˈpaɾa/	for; in order to	preposition	para	Este regalo es para mi madre.	[ˈeste reˈɣalo es ˈpaɾa mi ˈmaðɾe]	This gift is for my mother.	SUBTLEX-ESP; OpenSubtitles2018-es; OpenSLR21 Spanish	SUBTLEX-ESP n/a; OpenSubtitles2018 20; OpenSLR21 16	core; function word; preposition	Often marks purpose, destination, recipient, or deadline.
16	me	/me/	me; to me	pronoun	me	La música me ayuda a estudiar.	[la ˈmusika me aˈʝuða a estuˈðjaɾ]	Music helps me study.	SUBTLEX-ESP; OpenSubtitles2018-es; OpenSLR21 Spanish	SUBTLEX-ESP n/a; OpenSubtitles2018 14; OpenSLR21 281	core; function word; pronoun; object	First-person singular unstressed object pronoun.
17	te	/te/	you; to you	pronoun	te	Mañana te llamo después del trabajo.	[maˈɲana te ˈʝamo ðesˈpwes ðel tɾaˈβaxo]	I will call you tomorrow after work.	SUBTLEX-ESP; OpenSubtitles2018-es; OpenSLR21 Spanish	SUBTLEX-ESP n/a; OpenSubtitles2018 18; OpenSLR21 3548	core; function word; pronoun; object; informal	Informal singular unstressed object pronoun.
18	lo	/lo/	it; him	pronoun	lo	Este ejercicio lo entiendo bastante bien.	[ˈeste exeɾˈsisjo lo enˈtjendo βasˈtante βjen]	I understand this exercise quite well.	SUBTLEX-ESP; OpenSubtitles2018-es; OpenSLR21 Spanish	SUBTLEX-ESP n/a; OpenSubtitles2018 10; OpenSLR21 28	core; function word; pronoun; direct object	Masculine singular or neuter direct-object pronoun.
19	las	/las/	the (feminine plural)	article	el	Dejamos las ventanas abiertas por la noche.	[deˈxamos las βenˈtanas aˈβjeɾtas poɾ la ˈnotʃe]	We leave the windows open at night.	SUBTLEX-ESP; OpenSubtitles2018-es; OpenSLR21 Spanish	SUBTLEX-ESP n/a; OpenSubtitles2018 29; OpenSLR21 12	core; function word; article; feminine; plural	Feminine plural definite article.
20	mi	/mi/	my	determiner	mi	Hoy limpio mi habitación después de comer.	[oj ˈlimpjo mi aβitaˈsjon desˈpwes ðe koˈmeɾ]	Today I clean my room after eating.	SUBTLEX-ESP; OpenSubtitles2018-es; OpenSLR21 Spanish	SUBTLEX-ESP n/a; OpenSubtitles2018 22; OpenSLR21 458	core; function word; determiner; possessive; accent contrast	Unaccented possessive; contrast pronoun mí.
21	tu	/tu/	your (informal singular)	determiner	tu	¿Dónde está tu teléfono ahora?	[ˈdonde esˈta tu teˈlefono aˈoɾa]	Where is your phone now?	SUBTLEX-ESP; OpenSubtitles2018-es; OpenSLR21 Spanish	SUBTLEX-ESP n/a; OpenSubtitles2018 34; OpenSLR21 6428	core; function word; determiner; possessive; accent contrast	Unaccented possessive; contrast pronoun tú.
22	su	/su/	his; her; your; their	determiner	su	El niño busca su pelota roja.	[el ˈniɲo ˈβuska su peˈlota ˈroxa]	The boy is looking for his red ball.	SUBTLEX-ESP; OpenSubtitles2018-es; OpenSLR21 Spanish	SUBTLEX-ESP n/a; OpenSubtitles2018 28; OpenSLR21 18	core; function word; determiner; possessive	Possessor is identified from context.
23	yo	/ʝo/	I	pronoun	yo	En casa yo preparo la cena.	[eŋ ˈkasa ʝo pɾeˈpaɾo la ˈsena]	At home, I prepare dinner.	SUBTLEX-ESP; OpenSubtitles2018-es; OpenSLR21 Spanish	SUBTLEX-ESP n/a; OpenSubtitles2018 30; OpenSLR21 686	core; function word; pronoun; subject	Subject pronouns are often omitted when the verb is clear.
24	tú	/tu/	you (informal singular)	pronoun	tú	¿Puedes venir tú un poco antes?	[ˈpweðes βeˈniɾ tu um ˈpoko ˈantes]	Can you come a little earlier?	SUBTLEX-ESP; OpenSubtitles2018-es; OpenSLR21 Spanish	SUBTLEX-ESP n/a; OpenSubtitles2018 56; OpenSLR21 11106	core; function word; pronoun; subject; informal; accent contrast	Accented subject pronoun; contrast possessive tu.
25	él	/el/	he	pronoun	él	Mañana él empieza un trabajo nuevo.	[maˈɲana el emˈpjesa un tɾaˈβaxo ˈnweβo]	Tomorrow he starts a new job.	SUBTLEX-ESP; OpenSubtitles2018-es; OpenSLR21 Spanish	SUBTLEX-ESP n/a; OpenSubtitles2018 52; OpenSLR21 482	core; function word; pronoun; subject; accent contrast	Accented pronoun; contrast article el.
26	ella	/ˈeʝa/	she	pronoun	ella	Creo que ella vive cerca.	[ˈkɾeo ke ˈeʝa ˈβiβe ˈseɾka]	I think she lives nearby.	SUBTLEX-ESP; OpenSubtitles2018-es; OpenSLR21 Spanish	SUBTLEX-ESP n/a; OpenSubtitles2018 66; OpenSLR21 1146	core; function word; pronoun; subject	Third-person feminine singular subject pronoun.
27	nos	/nos/	us; to us	pronoun	nos	El profesor nos explica la respuesta.	[el pɾofeˈsoɾ nos eksˈplika la resˈpwesta]	The teacher explains the answer to us.	SUBTLEX-ESP; OpenSubtitles2018-es; OpenSLR21 Spanish	SUBTLEX-ESP n/a; OpenSubtitles2018 57; OpenSLR21 329	core; function word; pronoun; object	First-person plural unstressed object pronoun.
28	le	/le/	to him; to her; to you	pronoun	le	Siempre le escribo los domingos.	[ˈsjempɾe le esˈkɾiβo los ðoˈmiŋɡos]	I always write to him on Sundays.	SUBTLEX-ESP; OpenSubtitles2018-es; OpenSLR21 Spanish	SUBTLEX-ESP n/a; OpenSubtitles2018 37; OpenSLR21 59	core; function word; pronoun; indirect object	Singular indirect-object pronoun; the referent comes from context.
29	usted	/usˈted/	you (formal singular)	pronoun	usted	¿Quiere usted sentarse junto a la ventana?	[ˈkjeɾe usˈteð senˈtaɾse ˈxunto a la βenˈtana]	Would you like to sit by the window?	SUBTLEX-ESP; OpenSubtitles2018-es; OpenSLR21 Spanish	SUBTLEX-ESP n/a; OpenSubtitles2018 86; OpenSLR21 5078	core; function word; pronoun; subject; formal	Takes third-person singular verb forms.
30	del	/del/	of the; from the	preposition	de + el	El banco está cerca del mercado.	[el ˈβaŋko esˈta ˈseɾka ðel meɾˈkaðo]	The bank is near the market.	SUBTLEX-ESP; OpenSubtitles2018-es; OpenSLR21 Spanish	SUBTLEX-ESP 6; OpenSubtitles2018 31; OpenSLR21 9	core; function word; preposition; contraction	Required contraction of de + el.
31	al	/al/	to the; at the	preposition	a + el	Llegamos al hotel antes de las ocho.	[ʝeˈɣamos al oˈtel ˈantes ðe las ˈotʃo]	We arrive at the hotel before eight.	SUBTLEX-ESP; OpenSubtitles2018-es; OpenSLR21 Spanish	SUBTLEX-ESP 7; OpenSubtitles2018 35; OpenSLR21 17	core; function word; preposition; contraction	Required contraction of a + el.
32	pero	/ˈpeɾo/	but	conjunction	pero	Quiero salir, pero está lloviendo mucho.	[ˈkjeɾo saˈliɾ ˈpeɾo esˈta ʝoˈβjendo ˈmutʃo]	I want to go out, but it is raining a lot.	SUBTLEX-ESP; OpenSubtitles2018-es; OpenSLR21 Spanish	SUBTLEX-ESP n/a; OpenSubtitles2018 23; OpenSLR21 33	core; function word; conjunction	Coordinates contrasting ideas.
33	o	/o/	or	conjunction	o	¿Prefieres café o té esta mañana?	[pɾeˈfjeɾes kaˈfe o te ˈesta maˈɲana]	Do you prefer coffee or tea this morning?	SUBTLEX-ESP; OpenSubtitles2018-es; OpenSLR21 Spanish	SUBTLEX-ESP n/a; OpenSubtitles2018 61; OpenSLR21 56	core; function word; conjunction	Changes to u before an initial /o/ sound.
34	si	/si/	if	conjunction	si	Llámame si necesitas ayuda esta tarde.	[ˈʝamame si neseˈsitas aˈʝuða ˈesta ˈtaɾðe]	Call me if you need help this afternoon.	SUBTLEX-ESP; OpenSubtitles2018-es; OpenSLR21 Spanish	SUBTLEX-ESP n/a; OpenSubtitles2018 25; OpenSLR21 65	core; function word; conjunction; condition; accent contrast	Unaccented conditional conjunction; contrast affirmative sí.
35	sí	/si/	yes	adverb	sí	Ella dijo que sí con una sonrisa.	[ˈeʝa ˈðixo ke si kon ˈuna sonˈrisa]	She said yes with a smile.	SUBTLEX-ESP; OpenSubtitles2018-es; OpenSLR21 Spanish	SUBTLEX-ESP n/a; OpenSubtitles2018 24; OpenSLR21 1065	core; affirmation; adverb; accent contrast	Accented affirmative word; contrast conditional si.
36	porque	/poɾˈke/	because	conjunction	porque	Cerramos la ventana porque hace frío.	[seˈramos la βenˈtana poɾˈke ˈase ˈfɾio]	We close the window because it is cold.	SUBTLEX-ESP; OpenSubtitles2018-es; OpenSLR21 Spanish	SUBTLEX-ESP n/a; OpenSubtitles2018 76; OpenSLR21 149	core; function word; conjunction; reason	Introduces a reason; contrast interrogative por qué.
37	como	/ˈkomo/	as; like	conjunction	como	Trabajo como camarero durante el verano.	[tɾaˈβaxo ˈkomo kamaˈɾeɾo ðuˈɾante el βeˈɾano]	I work as a waiter during the summer.	SUBTLEX-ESP; OpenSubtitles2018-es; OpenSLR21 Spanish	SUBTLEX-ESP 8; OpenSubtitles2018 32; OpenSLR21 24	core; function word; conjunction; comparison; accent contrast	Unaccented comparison or role word; contrast cómo.
38	cuando	/ˈkwando/	when	conjunction	cuando	Avísame cuando llegues a casa.	[aˈβisame ˈkwando ˈʝeɣes a ˈkasa]	Let me know when you get home.	SUBTLEX-ESP; OpenSubtitles2018-es; OpenSLR21 Spanish	SUBTLEX-ESP 14; OpenSubtitles2018 53; OpenSLR21 53	core; function word; conjunction; time; accent contrast	Unaccented time conjunction; contrast interrogative cuándo.
39	más	/mas/	more; most	adverb	más	Necesito más tiempo para terminar esto.	[neseˈsito mas ˈtjempo ˈpaɾa teɾmiˈnaɾ ˈesto]	I need more time to finish this.	SUBTLEX-ESP; OpenSubtitles2018-es; OpenSLR21 Spanish	SUBTLEX-ESP n/a; OpenSubtitles2018 36; OpenSLR21 23	core; adverb; quantity; comparison	Forms many comparative expressions.
40	muy	/muj/	very	adverb	muy	La sopa está muy caliente todavía.	[la ˈsopa esˈta muj kaˈljente toðaˈβia]	The soup is still very hot.	SUBTLEX-ESP; OpenSubtitles2018-es; OpenSLR21 Spanish	SUBTLEX-ESP n/a; OpenSubtitles2018 43; OpenSLR21 130	core; adverb; degree	Modifies adjectives and adverbs, not nouns.
41	todo	/ˈtodo/	all; everything	pronoun	todo	Leo todo el informe esta noche.	[ˈleo ˈtoðo el iɱˈfoɾme ˈesta ˈnotʃe]	I am reading the whole report tonight.	SUBTLEX-ESP; OpenSubtitles2018-es; OpenSLR21 Spanish	SUBTLEX-ESP n/a; OpenSubtitles2018 39; OpenSLR21 131	core; function word; pronoun; quantity	Also functions as a determiner and agrees when it modifies a noun.
42	esto	/ˈesto/	this	pronoun	esto	¿Puedes guardar esto en la nevera?	[ˈpweðes ɣwaɾˈðaɾ ˈesto en la neˈβeɾa]	Can you put this in the refrigerator?	SUBTLEX-ESP; OpenSubtitles2018-es; OpenSLR21 Spanish	SUBTLEX-ESP n/a; OpenSubtitles2018 38; OpenSLR21 625	core; function word; pronoun; demonstrative	Neuter demonstrative pronoun for an idea or unidentified thing.
43	eso	/ˈeso/	that	pronoun	eso	No pongas eso sobre la mesa.	[no ˈpoŋɡas ˈeso ˈsoβɾe la ˈmesa]	Do not put that on the table.	SUBTLEX-ESP; OpenSubtitles2018-es; OpenSLR21 Spanish	SUBTLEX-ESP n/a; OpenSubtitles2018 27; OpenSLR21 407	core; function word; pronoun; demonstrative	Neuter demonstrative pronoun for an idea or unidentified thing.
44	algo	/ˈalɡo/	something; anything	pronoun	algo	Quiero comer algo antes de salir.	[ˈkjeɾo koˈmeɾ ˈalɣo ˈantes ðe saˈliɾ]	I want to eat something before leaving.	SUBTLEX-ESP; OpenSubtitles2018-es; OpenSLR21 Spanish	SUBTLEX-ESP 9; OpenSubtitles2018 48; OpenSLR21 861	core; function word; pronoun; indefinite	Indefinite pronoun for a thing or idea.
45	nada	/ˈnada/	nothing; anything	pronoun	nada	Hoy no tengo nada que hacer.	[oj no ˈteŋɡo ˈnaða ke aˈseɾ]	I have nothing to do today.	SUBTLEX-ESP; OpenSubtitles2018-es; OpenSLR21 Spanish	SUBTLEX-ESP n/a; OpenSubtitles2018 58; OpenSLR21 679	core; function word; pronoun; indefinite; negation	Common after no in Spanish double-negative structure.
46	aquí	/aˈki/	here	adverb	aquí	Puedes dejar el bolso aquí.	[ˈpweðes ðeˈxaɾ el ˈβolso aˈki]	You can leave the bag here.	SUBTLEX-ESP; OpenSubtitles2018-es; OpenSLR21 Spanish	SUBTLEX-ESP 5; OpenSubtitles2018 33; OpenSLR21 545	core; adverb; place	Refers to a place near the speaker.
47	ahora	/aˈoɾa/	now	adverb	ahora	No puedo hablar ahora, estoy ocupado.	[no ˈpweðo aˈβlaɾ aˈoɾa esˈtoj okuˈpaðo]	I cannot talk now; I am busy.	SUBTLEX-ESP; OpenSubtitles2018-es; OpenSLR21 Spanish	SUBTLEX-ESP 12; OpenSubtitles2018 42; OpenSLR21 165	core; adverb; time	Common present-time adverb.
48	ya	/ʝa/	already; now	adverb	ya	El autobús ya está en la parada.	[el awtoˈβus ʝa esˈta en la paˈɾaða]	The bus is already at the stop.	SUBTLEX-ESP; OpenSubtitles2018-es; OpenSLR21 Spanish	SUBTLEX-ESP n/a; OpenSubtitles2018 40; OpenSLR21 81	core; adverb; time	Meaning varies with context: already, now, or no longer with no.
49	siempre	/ˈsjempɾe/	always	adverb	siempre	Mi abuelo siempre desayuna temprano.	[mi aˈβwelo ˈsjempɾe ðesaˈʝuna temˈpɾano]	My grandfather always eats breakfast early.	SUBTLEX-ESP; OpenSubtitles2018-es; OpenSLR21 Spanish	SUBTLEX-ESP n/a; OpenSubtitles2018 125; OpenSLR21 671	core; adverb; frequency	Expresses an action occurring every time.
50	nunca	/ˈnunka/	never	adverb	nunca	Ella nunca toma café por la noche.	[ˈeʝa ˈnuŋka ˈtoma kaˈfe poɾ la ˈnotʃe]	She never drinks coffee at night.	SUBTLEX-ESP; OpenSubtitles2018-es; OpenSLR21 Spanish	SUBTLEX-ESP n/a; OpenSubtitles2018 98; OpenSLR21 744	core; adverb; frequency; negation	Can appear before a verb alone or after it with no.
51	también	/tamˈbjen/	also; too	adverb	también	Mi hermano también estudia español.	[mi eɾˈmano tamˈbjen esˈtuðja espaˈɲol]	My brother also studies Spanish.	SUBTLEX-ESP; OpenSubtitles2018-es; OpenSLR21 Spanish	SUBTLEX-ESP n/a; OpenSubtitles2018 112; OpenSLR21 45	core; adverb; addition	Adds another person, thing, or action.
52	sin	/sin/	without	preposition	sin	Prefiero el café sin azúcar.	[pɾeˈfjeɾo el kaˈfe sin aˈsukaɾ]	I prefer coffee without sugar.	SUBTLEX-ESP; OpenSubtitles2018-es; OpenSLR21 Spanish	SUBTLEX-ESP n/a; OpenSubtitles2018 115; OpenSLR21 50	core; function word; preposition	Introduces something absent or excluded.
53	bien	/bjen/	well	adverb	bien	Los niños duermen bien aquí.	[los ˈniɲos ˈðweɾmen bjen aˈki]	The children sleep well here.	SUBTLEX-ESP; OpenSubtitles2018-es; OpenSLR21 Spanish	SUBTLEX-ESP 4; OpenSubtitles2018 26; OpenSLR21 373	core; adverb; manner	Common adverb of manner; also used in evaluations.
54	qué	/ke/	what; which	pronoun	qué	No sé qué quieres decir.	[no se ke ˈkjeɾes ðeˈsiɾ]	I do not know what you mean.	SUBTLEX-ESP; OpenSubtitles2018-es; OpenSLR21 Spanish	SUBTLEX-ESP n/a; OpenSubtitles2018 13; OpenSLR21 919	core; question word; pronoun; accent contrast	Accented in direct and indirect questions; contrast que.
55	cómo	/ˈkomo/	how	adverb	cómo	Explícame cómo funciona esta máquina.	[eksˈplikame ˈkomo funˈsjona ˈesta ˈmakina]	Explain to me how this machine works.	SUBTLEX-ESP; OpenSubtitles2018-es; OpenSLR21 Spanish	SUBTLEX-ESP 13; OpenSubtitles2018 59; OpenSLR21 1211	core; question word; adverb; accent contrast	Accented in direct and indirect questions; contrast como.
56	cuándo	/ˈkwando/	when	adverb	cuándo	¿Sabes cuándo llega el próximo tren?	[ˈsaβes ˈkwando ˈʝeɣa el ˈpɾoksimo tɾen]	Do you know when the next train arrives?	SUBTLEX-ESP; OpenSubtitles2018-es; OpenSLR21 Spanish	SUBTLEX-ESP 85; OpenSubtitles2018 394; OpenSLR21 5546	core; question word; adverb; time; accent contrast	Accented in direct and indirect questions; contrast cuando.
57	dónde	/ˈdonde/	where	adverb	dónde	No recuerdo dónde dejé las llaves.	[no reˈkweɾðo ˈdonde ðeˈxe las ˈʝaβes]	I do not remember where I left the keys.	SUBTLEX-ESP; OpenSubtitles2018-es; OpenSLR21 Spanish	SUBTLEX-ESP n/a; OpenSubtitles2018 99; OpenSLR21 4520	core; question word; adverb; place	Accented in direct and indirect questions.
58	quién	/kjen/	who	pronoun	quién	Dime quién viene a cenar.	[ˈdime kjen ˈbjene a seˈnaɾ]	Tell me who is coming to dinner.	SUBTLEX-ESP; OpenSubtitles2018-es; OpenSLR21 Spanish	SUBTLEX-ESP n/a; OpenSubtitles2018 93; OpenSLR21 3095	core; question word; pronoun; person	Plural form is quiénes.
59	es	/es/	is	verb form	ser	Este camino es bastante largo.	[ˈeste kaˈmino es βasˈtante ˈlaɾɣo]	This road is quite long.	SUBTLEX-ESP; OpenSubtitles2018-es; OpenSLR21 Spanish	SUBTLEX-ESP n/a; OpenSubtitles2018 8; OpenSLR21 21	core; verb form; present; third person	Third-person singular present of ser.
60	está	/esˈta/	is; is located	verb form	estar	La farmacia está cerca de aquí.	[la faɾˈmasja esˈta ˈseɾka ðe aˈki]	The pharmacy is near here.	SUBTLEX-ESP; OpenSubtitles2018-es; OpenSLR21 Spanish	SUBTLEX-ESP n/a; OpenSubtitles2018 21; OpenSLR21 55	core; verb form; present; third person; location	Third-person singular present of estar.
61	hay	/aj/	there is; there are	verb form	haber	En esta calle hay dos panaderías.	[en ˈesta ˈkaʝe aj dos panaðeˈɾias]	There are two bakeries on this street.	SUBTLEX-ESP; OpenSubtitles2018-es; OpenSLR21 Spanish	SUBTLEX-ESP n/a; OpenSubtitles2018 49; OpenSLR21 150	core; verb form; present; impersonal; existence	Impersonal present form of haber; unchanged for singular or plural.
62	soy	/soj/	I am	verb form	ser	Hoy soy responsable de cerrar la oficina.	[oj soj responˈsaβle ðe seˈrar la ofiˈsina]	Today I am responsible for closing the office.	SUBTLEX-ESP; OpenSubtitles2018-es; OpenSLR21 Spanish	SUBTLEX-ESP n/a; OpenSubtitles2018 73; OpenSLR21 2763	core; verb form; present; first person	First-person singular present of ser.
63	estoy	/esˈtoj/	I am	verb form	estar	Esta semana estoy aprendiendo mucho español.	[ˈesta seˈmana esˈtoj apɾenˈdjendo ˈmutʃo espaˈɲol]	This week I am learning a lot of Spanish.	SUBTLEX-ESP; OpenSubtitles2018-es; OpenSLR21 Spanish	SUBTLEX-ESP n/a; OpenSubtitles2018 41; OpenSLR21 1024	core; verb form; present; first person; progressive	First-person singular present of estar.
64	eres	/ˈeɾes/	you are	verb form	ser	Para mí, eres un buen amigo.	[ˈpaɾa mi ˈeɾes um bwen aˈmiɣo]	To me, you are a good friend.	SUBTLEX-ESP; OpenSubtitles2018-es; OpenSLR21 Spanish	SUBTLEX-ESP n/a; OpenSubtitles2018 84; OpenSLR21 18695	core; verb form; present; second person; informal	Informal singular present of ser.
65	estás	/esˈtas/	you are; are located	verb form	estar	¿Por qué estás tan callado hoy?	[poɾ ke esˈtas taŋ kaˈʝaðo oj]	Why are you so quiet today?	SUBTLEX-ESP; OpenSubtitles2018-es; OpenSLR21 Spanish	SUBTLEX-ESP n/a; OpenSubtitles2018 54; OpenSLR21 19070	core; verb form; present; second person; informal	Informal singular present of estar.
66	tiene	/ˈtjene/	has; you have	verb form	tener	Mi barrio tiene una biblioteca pequeña.	[mi ˈbarjo ˈtjene ˈuna βiβljoˈteka peˈkeɲa]	My neighborhood has a small library.	SUBTLEX-ESP; OpenSubtitles2018-es; OpenSLR21 Spanish	SUBTLEX-ESP n/a; OpenSubtitles2018 64; OpenSLR21 94	core; verb form; present; third person	Third-person singular or formal-you present of tener.
67	tengo	/ˈtenɡo/	I have	verb form	tener	Ahora tengo tiempo para cocinar.	[aˈoɾa ˈteŋɡo ˈtjempo ˈpaɾa kosiˈnaɾ]	Now I have time to cook.	SUBTLEX-ESP; OpenSubtitles2018-es; OpenSLR21 Spanish	SUBTLEX-ESP n/a; OpenSubtitles2018 51; OpenSLR21 1636	core; verb form; present; first person	First-person singular present of tener.
68	tienes	/ˈtjenes/	you have	verb form	tener	¿Cuántos hermanos tienes en tu familia?	[ˈkwantos eɾˈmanos ˈtjenes en tu faˈmilja]	How many siblings do you have in your family?	SUBTLEX-ESP; OpenSubtitles2018-es; OpenSLR21 Spanish	SUBTLEX-ESP n/a; OpenSubtitles2018 78; OpenSLR21 17335	core; verb form; present; second person; informal	Informal singular present of tener.
69	puede	/ˈpwede/	can; may	verb form	poder	Este problema puede tener varias soluciones.	[ˈeste pɾoˈβlema ˈpweðe teˈneɾ ˈβaɾjas soluˈsjones]	This problem can have several solutions.	SUBTLEX-ESP; OpenSubtitles2018-es; OpenSLR21 Spanish	SUBTLEX-ESP n/a; OpenSubtitles2018 83; OpenSLR21 232	core; verb form; present; third person; modal	Third-person singular or formal-you present of poder.
70	puedo	/ˈpwedo/	I can	verb form	poder	Hoy puedo ayudarte con la compra.	[oj ˈpweðo aʝuˈðaɾte kon la ˈkompɾa]	Today I can help you with the shopping.	SUBTLEX-ESP; OpenSubtitles2018-es; OpenSLR21 Spanish	SUBTLEX-ESP n/a; OpenSubtitles2018 65; OpenSLR21 2641	core; verb form; present; first person; modal	First-person singular present of poder.
71	quiero	/ˈkjeɾo/	I want; I love	verb form	querer	Esta noche quiero preparar pasta.	[ˈesta ˈnotʃe ˈkjeɾo pɾepaˈɾaɾ ˈpasta]	Tonight I want to prepare pasta.	SUBTLEX-ESP; OpenSubtitles2018-es; OpenSLR21 Spanish	SUBTLEX-ESP n/a; OpenSubtitles2018 67; OpenSLR21 2100	core; verb form; present; first person	First-person singular present of querer.
72	sé	/se/	I know	verb form	saber	Todavía no sé la respuesta.	[toðaˈβia no se la resˈpwesta]	I still do not know the answer.	SUBTLEX-ESP; OpenSubtitles2018-es; OpenSLR21 Spanish	SUBTLEX-ESP n/a; OpenSubtitles2018 55; OpenSLR21 2952	core; verb form; present; first person; accent contrast	First-person singular present of saber; accent distinguishes it from se.
73	creo	/ˈkɾeo/	I think; I believe	verb form	creer	A veces creo que tienes razón.	[a ˈβeses ˈkɾeo ke ˈtjenes raˈson]	Sometimes I think you are right.	SUBTLEX-ESP; OpenSubtitles2018-es; OpenSLR21 Spanish	SUBTLEX-ESP 15; OpenSubtitles2018 79; OpenSLR21 940	core; verb form; present; first person	First-person singular present of creer.
74	voy	/boj/	I go; I am going	verb form	ir	Mañana voy al médico temprano.	[maˈɲana βoj al ˈmeðiko temˈpɾano]	Tomorrow I am going to the doctor early.	SUBTLEX-ESP; OpenSubtitles2018-es; OpenSLR21 Spanish	SUBTLEX-ESP n/a; OpenSubtitles2018 80; OpenSLR21 2400	core; verb form; present; first person; movement	First-person singular present of ir.
75	va	/ba/	goes; is going	verb form	ir	Mi hermana va al trabajo en bicicleta.	[mi eɾˈmana βa al tɾaˈβaxo em bisiˈkleta]	My sister goes to work by bicycle.	SUBTLEX-ESP; OpenSubtitles2018-es; OpenSLR21 Spanish	SUBTLEX-ESP n/a; OpenSubtitles2018 100; OpenSLR21 393	core; verb form; present; third person; movement	Third-person singular or formal-you present of ir.
76	vamos	/ˈbamos/	we go; let's go	verb form	ir	Los domingos vamos al mercado juntos.	[los ðoˈmiŋɡos ˈβamos al meɾˈkaðo ˈxuntos]	On Sundays we go to the market together.	SUBTLEX-ESP; OpenSubtitles2018-es; OpenSLR21 Spanish	SUBTLEX-ESP n/a; OpenSubtitles2018 47; OpenSLR21 961	core; verb form; present; first person plural; movement	First-person plural present of ir; also used as an invitation.
77	hace	/ˈase/	does; makes	verb form	hacer	Mi padre hace pan los sábados.	[mi ˈpaðɾe ˈase pan los ˈsaβaðos]	My father makes bread on Saturdays.	SUBTLEX-ESP; OpenSubtitles2018-es; OpenSLR21 Spanish	SUBTLEX-ESP n/a; OpenSubtitles2018 109; OpenSLR21 127	core; verb form; present; third person	Third-person singular or formal-you present of hacer.
78	hacer	/aˈseɾ/	to do; to make	verb	hacer	Quiero hacer una pregunta sencilla.	[ˈkjeɾo aˈseɾ ˈuna pɾeˈɣunta senˈsiʝa]	I want to ask a simple question.	SUBTLEX-ESP; OpenSubtitles2018-es; OpenSLR21 Spanish	SUBTLEX-ESP n/a; OpenSubtitles2018 68; OpenSLR21 248	core; verb; infinitive	Highly irregular verb used in many fixed expressions.
79	decir	/deˈsiɾ/	to say; to tell	verb	decir	Es difícil decir la verdad siempre.	[es ðiˈfisil ðeˈsiɾ la βeɾˈðað ˈsjempɾe]	It is difficult to always tell the truth.	SUBTLEX-ESP; OpenSubtitles2018-es; OpenSLR21 Spanish	SUBTLEX-ESP 20; OpenSubtitles2018 111; OpenSLR21 860	core; verb; infinitive; communication	Irregular verb; often followed by what is said or by an object pronoun.
80	ver	/beɾ/	to see; to watch	verb	ver	Podemos ver el mar desde aquí.	[poˈðemos βeɾ el maɾ ˈðesðe aˈki]	We can see the sea from here.	SUBTLEX-ESP; OpenSubtitles2018-es; OpenSLR21 Spanish	SUBTLEX-ESP n/a; OpenSubtitles2018 120; OpenSLR21 779	core; verb; infinitive; perception	Irregular first-person present: veo.
81	ir	/iɾ/	to go	verb	ir	Prefiero ir a pie cuando puedo.	[pɾeˈfjeɾo iɾ a pje ˈkwando ˈpweðo]	I prefer to go on foot when I can.	SUBTLEX-ESP; OpenSubtitles2018-es; OpenSLR21 Spanish	SUBTLEX-ESP n/a; OpenSubtitles2018 128; OpenSLR21 1495	core; verb; infinitive; movement	Highly irregular verb; ir a + infinitive expresses a near future.
82	ser	/seɾ/	to be	verb	ser	Quiero ser médico algún día.	[ˈkjeɾo seɾ ˈmeðiko alˈɣun ˈdia]	I want to be a doctor someday.	SUBTLEX-ESP; OpenSubtitles2018-es; OpenSLR21 Spanish	SUBTLEX-ESP n/a; OpenSubtitles2018 63; OpenSLR21 60	core; verb; infinitive; identity	Commonly expresses identity, origin, classification, and inherent traits.
83	fue	/fwe/	was; went	verb form	ser; ir	La reunión fue corta y tranquila.	[la reuˈnjon fwe ˈkoɾta i tɾaŋˈkila]	The meeting was short and calm.	SUBTLEX-ESP; OpenSubtitles2018-es; OpenSLR21 Spanish	SUBTLEX-ESP n/a; OpenSubtitles2018 69; OpenSLR21 26	core; verb form; preterite; third person	Third-person singular preterite of both ser and ir.
84	son	/son/	are	verb form	ser	Estas frutas son muy dulces.	[ˈestas ˈfɾutas son muj ˈðulses]	These fruits are very sweet.	SUBTLEX-ESP; OpenSubtitles2018-es; OpenSLR21 Spanish	SUBTLEX-ESP n/a; OpenSubtitles2018 77; OpenSLR21 91	core; verb form; present; third person plural	Third-person plural present of ser.
85	casa	/ˈkasa/	house; home	noun	casa	Nuestra casa tiene un jardín pequeño.	[ˈnwestɾa ˈkasa ˈtjene uŋ xaɾˈðin peˈkeɲo]	Our house has a small garden.	SUBTLEX-ESP; OpenSubtitles2018-es; OpenSLR21 Spanish	SUBTLEX-ESP 16; OpenSubtitles2018 91; OpenSLR21 234	core; noun; feminine; home	Feminine noun: la casa.
86	tiempo	/ˈtjempo/	time; weather	noun	tiempo	¿Tienes tiempo para tomar un café?	[ˈtjenes ˈtjempo ˈpaɾa toˈmaɾ uŋ kaˈfe]	Do you have time to have a coffee?	SUBTLEX-ESP; OpenSubtitles2018-es; OpenSLR21 Spanish	SUBTLEX-ESP n/a; OpenSubtitles2018 95; OpenSLR21 174	core; noun; masculine; time	Masculine noun; el tiempo can also mean weather.
87	día	/ˈdia/	day	noun	día	Hoy es un día especial para nosotros.	[oj es un ˈdia espeˈsjal ˈpaɾa noˈsotɾos]	Today is a special day for us.	SUBTLEX-ESP; OpenSubtitles2018-es; OpenSLR21 Spanish	SUBTLEX-ESP 23; OpenSubtitles2018 134; OpenSLR21 178	core; noun; masculine; time	Masculine despite ending in -a: el día.
88	noche	/ˈnotʃe/	night	noun	noche	La calle queda tranquila por la noche.	[la ˈkaʝe ˈkeða tɾaŋˈkila poɾ la ˈnotʃe]	The street becomes quiet at night.	SUBTLEX-ESP; OpenSubtitles2018-es; OpenSLR21 Spanish	SUBTLEX-ESP n/a; OpenSubtitles2018 136; OpenSLR21 169	core; noun; feminine; time	Feminine noun: la noche.
89	vez	/bes/	time; occasion	noun	vez	Esta vez llegamos antes que todos.	[ˈesta βes ʝeˈɣamos ˈantes ke ˈtoðos]	This time we arrived before everyone.	SUBTLEX-ESP; OpenSubtitles2018-es; OpenSLR21 Spanish	SUBTLEX-ESP n/a; OpenSubtitles2018 71; OpenSLR21 139	core; noun; feminine; frequency	Feminine noun; frequent in una vez and otra vez.
90	gente	/ˈxente/	people	noun	gente	Hay mucha gente en la estación.	[aj ˈmutʃa ˈxente en la estaˈsjon]	There are many people at the station.	SUBTLEX-ESP; OpenSubtitles2018-es; OpenSLR21 Spanish	SUBTLEX-ESP n/a; OpenSubtitles2018 145; OpenSLR21 634	core; noun; feminine; people; collective	Grammatically singular collective noun: la gente.
91	vida	/ˈbida/	life	noun	vida	La música forma parte de mi vida.	[la ˈmusika ˈfoɾma ˈpaɾte ðe mi ˈβiða]	Music is part of my life.	SUBTLEX-ESP; OpenSubtitles2018-es; OpenSLR21 Spanish	SUBTLEX-ESP n/a; OpenSubtitles2018 122; OpenSLR21 302	core; noun; feminine; life	Feminine noun: la vida.
92	trabajo	/tɾaˈbaxo/	work; job	noun	trabajo	Voy al trabajo en autobús cada mañana.	[boj al tɾaˈβaxo en awtoˈβus ˈkaða maˈɲana]	I go to work by bus every morning.	SUBTLEX-ESP; OpenSubtitles2018-es; OpenSLR21 Spanish	SUBTLEX-ESP n/a; OpenSubtitles2018 142; OpenSLR21 288	core; noun; masculine; work	Masculine noun; also the first-person present of trabajar.
93	agua	/ˈaɡwa/	water	noun	agua	Bebo agua fría después de correr.	[ˈbeβo ˈaɣwa ˈfɾia ðesˈpwes ðe koˈrer]	I drink cold water after running.	SUBTLEX-ESP; OpenSubtitles2018-es; OpenSLR21 Spanish	SUBTLEX-ESP 96; OpenSubtitles2018 358; OpenSLR21 801	core; noun; feminine; food and drink	Feminine noun that uses el in the singular: el agua fría.
94	verdad	/beɾˈdad/	truth	noun	verdad	Necesito saber la verdad esta noche.	[neseˈsito saˈβeɾ la βeɾˈðað ˈesta ˈnotʃe]	I need to know the truth tonight.	SUBTLEX-ESP; OpenSubtitles2018-es; OpenSLR21 Spanish	SUBTLEX-ESP n/a; OpenSubtitles2018 90; OpenSLR21 2217	core; noun; feminine; abstract	Feminine noun; ¿verdad? is also a common confirmation tag.
95	bueno	/ˈbweno/	good	adjective	bueno	Este pan está bueno y fresco.	[ˈeste pan esˈta ˈbweno i ˈfɾesko]	This bread tastes good and fresh.	SUBTLEX-ESP; OpenSubtitles2018-es; OpenSLR21 Spanish	SUBTLEX-ESP 11; OpenSubtitles2018 50; OpenSLR21 2366	core; adjective; evaluation	Agrees in gender and number; shortens to buen before a masculine singular noun.
96	mejor	/meˈxoɾ/	better; best	adjective	mejor	Hoy me siento mucho mejor.	[oj me ˈsjento ˈmutʃo meˈxoɾ]	I feel much better today.	SUBTLEX-ESP; OpenSubtitles2018-es; OpenSLR21 Spanish	SUBTLEX-ESP n/a; OpenSubtitles2018 108; OpenSLR21 252	core; adjective; comparison	Irregular comparative of bueno; also used as an adverb.
97	claro	/ˈklaɾo/	clear; of course	adjective	claro	El cielo está claro esta mañana.	[el ˈsjelo esˈta ˈklaɾo ˈesta maˈɲana]	The sky is clear this morning.	SUBTLEX-ESP; OpenSubtitles2018-es; OpenSLR21 Spanish	SUBTLEX-ESP 26; OpenSubtitles2018 166; OpenSLR21 1468	core; adjective; description	Agrees in gender and number; claro can also mean of course.
98	nuevo	/ˈnwebo/	new	adjective	nuevo	Mi vecino tiene un coche nuevo.	[mi βeˈsino ˈtjene uŋ ˈkotʃe ˈnweβo]	My neighbor has a new car.	SUBTLEX-ESP; OpenSubtitles2018-es; OpenSLR21 Spanish	SUBTLEX-ESP n/a; OpenSubtitles2018 185; OpenSLR21 133	core; adjective; description	Agrees in gender and number.
99	gracias	/ˈɡɾasjas/	thank you; thanks	interjection	gracias	Te doy las gracias por venir.	[te ðoj las ˈɣɾasjas poɾ βeˈniɾ]	I thank you for coming.	SUBTLEX-ESP; OpenSubtitles2018-es; OpenSLR21 Spanish	SUBTLEX-ESP n/a; OpenSubtitles2018 70; OpenSLR21 947	core; interjection; courtesy	Fixed plural form used to express thanks.
100	hola	/ˈola/	hello	interjection	hola	Siempre digo hola al entrar.	[ˈsjempɾe ˈðiɣo ˈola al enˈtɾaɾ]	I always say hello when I enter.	SUBTLEX-ESP; OpenSubtitles2018-es; OpenSLR21 Spanish	SUBTLEX-ESP n/a; OpenSubtitles2018 88; OpenSLR21 39033	core; interjection; greeting	Common informal and neutral greeting.
